{
	"info": {
		"_postman_id": "73b377e7-e77b-42ca-b8f1-61e18a250b02",
		"name": "Persona Api Request",
		"schema": "https://schema.getpostman.com/json/collection/v2.1.0/collection.json",
		"_exporter_id": "29573426"
	},
	"item": [
		{
			"name": "Get all",
			"request": {
				"method": "GET",
				"header": [],
				"url": {
					"raw": "https://apisinpaginacion-ivanmolina.onrender.com/api/v1/personas",
					"protocol": "https",
					"host": [
						"apisinpaginacion-ivanmolina",
						"onrender",
						"com"
					],
					"path": [
						"api",
						"v1",
						"personas"
					]
				}
			},
			"response": []
		},
		{
			"name": "Get one",
			"request": {
				"method": "GET",
				"header": [],
				"url": {
					"raw": "https://apisinpaginacion-ivanmolina.onrender.com/api/v1/personas/1",
					"protocol": "https",
					"host": [
						"apisinpaginacion-ivanmolina",
						"onrender",
						"com"
					],
					"path": [
						"api",
						"v1",
						"personas",
						"1"
					]
				}
			},
			"response": []
		},
		{
			"name": "Create",
			"request": {
				"method": "POST",
				"header": [
					{
						"key": "Content-Type",
						"value": "application/json",
						"type": "text"
					}
				],
				"body": {
					"mode": "raw",
					"raw": "{\r\n        \"nombre\": \"Ivan\",\r\n        \"apellido\": \"Molina\",\r\n        \"dni\": 12721432,\r\n        \"domicilio\":{\r\n            \"calle\": \"España\",\r\n            \"numero\": 493,\r\n            \"localidad\":{\r\n                \"id\": 1,\r\n                \"denominacion\": \"Godoy Cruz\"\r\n            }\r\n        },\r\n        \"libros\": [\r\n            {\r\n                \r\n                    }\r\n                    \r\n                ]\r\n            }\r\n        ]\r\n    }"
				},
				"url": {
					"raw": "http://localhost:8080/api/v1/personas",
					"protocol": "http",
					"host": [
						"localhost"
					],
					"port": "8080",
					"path": [
						"api",
						"v1",
						"personas"
					]
				}
			},
			"response": []
		},
		{
			"name": "Update",
			"request": {
				"method": "PUT",
				"header": [
					{
						"key": "Content-Type",
						"value": "application/json",
						"type": "text"
					}
				],
				"body": {
					"mode": "raw",
					"raw": " {\r\n        \"id\": 2,\r\n        \"nombre\": \"Ivan\",\r\n        \"apellido\": \"Molimona\",\r\n        \"dni\": 12721432\r\n    }"
				},
				"url": {
					"raw": "https://apisinpaginacion-ivanmolina.onrender.com/api/v1/personas/2",
					"protocol": "https",
					"host": [
						"apisinpaginacion-ivanmolina",
						"onrender",
						"com"
					],
					"path": [
						"api",
						"v1",
						"personas",
						"2"
					]
				}
			},
			"response": []
		},
		{
			"name": "Delete",
			"request": {
				"method": "DELETE",
				"header": [],
				"url": {
					"raw": "https://apisinpaginacion-ivanmolina.onrender.com/api/v1/personas/0",
					"protocol": "https",
					"host": [
						"apisinpaginacion-ivanmolina",
						"onrender",
						"com"
					],
					"path": [
						"api",
						"v1",
						"personas",
						"0"
					]
				}
			},
			"response": []
		},
		{
			"name": "search",
			"request": {
				"method": "GET",
				"header": []
			},
			"response": []
		},
		{
			"name": "GetAllPaged",
			"request": {
				"method": "GET",
				"header": []
			},
			"response": []
		},
		{
			"name": "SeachPaged",
			"request": {
				"method": "GET",
				"header": []
			},
			"response": []
		}
	]
}